#gen	response_time	SLA_penalty	overload_penalty	power_consumption	best_sol
0	1.1913990434530175	0.0	0.0	4.4546	"[1, 2, 1, 0, 0, 0, 0, 0, 1, 1, 1]"
1	1.116418326680057	0.0	0.0	4.4546	"[0, 1, 0, 3, 0, 3, 0, 0, 0, 0, 0]"
2	1.116418326680057	0.0	0.0	4.4546	"[0, 1, 0, 3, 0, 3, 0, 0, 0, 0, 0]"
3	1.071418326680057	0.0	0.0	4.4546	"[0, 3, 0, 1, 0, 1, 0, 0, 0, 0, 0]"
4	3.168668768655886	0.0	0.0	3.4546	"[1, 1, 1, 1, 2, 1, 2, 2, 2, 2, 2]"
5	2.288287306329376	0.0	0.0	3.4546	"[1, 2, 1, 2, 1, 2, 1, 1, 1, 1, 1]"
6	2.198287306329376	0.0	0.0	3.4546	"[1, 0, 1, 0, 1, 0, 1, 1, 1, 1, 1]"
7	2.198287306329376	0.0	0.0	3.4546	"[1, 0, 1, 0, 1, 0, 1, 1, 1, 1, 1]"
8	2.198287306329376	0.0	0.0	3.4546	"[1, 0, 1, 0, 1, 0, 1, 1, 1, 1, 1]"
9	2.198287306329376	0.0	0.0	3.4546	"[1, 0, 1, 0, 1, 0, 1, 1, 1, 1, 1]"
10	2.198287306329376	0.0	0.0	3.4546	"[1, 0, 1, 0, 1, 0, 1, 1, 1, 1, 1]"
11	2.198287306329376	0.0	0.0	3.4546	"[1, 0, 1, 0, 1, 0, 1, 1, 1, 1, 1]"
12	2.198287306329376	0.0	0.0	3.4546	"[1, 0, 1, 0, 1, 0, 1, 1, 1, 1, 1]"
13	2.198287306329376	0.0	0.0	3.4546	"[1, 0, 1, 0, 1, 0, 1, 1, 1, 1, 1]"
14	2.198287306329376	0.0	0.0	3.4546	"[1, 0, 1, 0, 1, 0, 1, 1, 1, 1, 1]"
15	2.198287306329376	0.0	0.0	3.4546	"[1, 0, 1, 0, 1, 0, 1, 1, 1, 1, 1]"
16	2.198287306329376	0.0	0.0	3.4546	"[1, 0, 1, 0, 1, 0, 1, 1, 1, 1, 1]"
17	2.198287306329376	0.0	0.0	3.4546	"[1, 0, 1, 0, 1, 0, 1, 1, 1, 1, 1]"
18	2.198287306329376	0.0	0.0	3.4546	"[0, 1, 0, 1, 0, 1, 0, 0, 0, 0, 0]"
19	2.198287306329376	0.0	0.0	3.4546	"[1, 0, 1, 0, 1, 0, 1, 1, 1, 1, 1]"
20	2.198287306329376	0.0	0.0	3.4546	"[1, 0, 1, 0, 1, 0, 1, 1, 1, 1, 1]"
21	2.198287306329376	0.0	0.0	3.4546	"[1, 0, 1, 0, 1, 0, 1, 1, 1, 1, 1]"
22	2.198287306329376	0.0	0.0	3.4546	"[1, 0, 1, 0, 1, 0, 1, 1, 1, 1, 1]"
23	2.198287306329376	0.0	0.0	3.4546	"[1, 0, 1, 0, 1, 0, 1, 1, 1, 1, 1]"
24	2.198287306329376	0.0	0.0	3.4546	"[1, 0, 1, 0, 1, 0, 1, 1, 1, 1, 1]"
25	2.198287306329376	0.0	0.0	3.4546	"[1, 0, 1, 0, 1, 0, 1, 1, 1, 1, 1]"
26	2.198287306329376	0.0	0.0	3.4546	"[1, 0, 1, 0, 1, 0, 1, 1, 1, 1, 1]"
27	2.198287306329376	0.0	0.0	3.4546	"[1, 0, 1, 0, 1, 0, 1, 1, 1, 1, 1]"
28	2.198287306329376	0.0	0.0	3.4546	"[1, 0, 1, 0, 1, 0, 1, 1, 1, 1, 1]"
29	2.198287306329376	0.0	0.0	3.4546	"[1, 0, 1, 0, 1, 0, 1, 1, 1, 1, 1]"
30	2.198287306329376	0.0	0.0	3.4546	"[1, 0, 1, 0, 1, 0, 1, 1, 1, 1, 1]"
31	2.198287306329376	0.0	0.0	3.4546	"[1, 0, 1, 0, 1, 0, 1, 1, 1, 1, 1]"
32	2.198287306329376	0.0	0.0	3.4546	"[1, 0, 1, 0, 1, 0, 1, 1, 1, 1, 1]"
33	2.198287306329376	0.0	0.0	3.4546	"[1, 0, 1, 0, 1, 0, 1, 1, 1, 1, 1]"
34	2.198287306329376	0.0	0.0	3.4546	"[1, 0, 1, 0, 1, 0, 1, 1, 1, 1, 1]"
35	2.198287306329376	0.0	0.0	3.4546	"[1, 0, 1, 0, 1, 0, 1, 1, 1, 1, 1]"
36	2.198287306329376	0.0	0.0	3.4546	"[1, 0, 1, 0, 1, 0, 1, 1, 1, 1, 1]"
37	2.198287306329376	0.0	0.0	3.4546	"[1, 0, 1, 0, 1, 0, 1, 1, 1, 1, 1]"
38	2.198287306329376	0.0	0.0	3.4546	"[1, 0, 1, 0, 1, 0, 1, 1, 1, 1, 1]"
39	2.198287306329376	0.0	0.0	3.4546	"[1, 0, 1, 0, 1, 0, 1, 1, 1, 1, 1]"
40	2.198287306329376	0.0	0.0	3.4546	"[1, 0, 1, 0, 1, 0, 1, 1, 1, 1, 1]"
41	2.198287306329376	0.0	0.0	3.4546	"[1, 0, 1, 0, 1, 0, 1, 1, 1, 1, 1]"
42	2.198287306329376	0.0	0.0	3.4546	"[0, 1, 0, 1, 0, 1, 0, 0, 0, 0, 0]"
43	2.198287306329376	0.0	0.0	3.4546	"[1, 0, 1, 0, 1, 0, 1, 1, 1, 1, 1]"
44	2.198287306329376	0.0	0.0	3.4546	"[1, 0, 1, 0, 1, 0, 1, 1, 1, 1, 1]"
45	2.198287306329376	0.0	0.0	3.4546	"[1, 0, 1, 0, 1, 0, 1, 1, 1, 1, 1]"
46	2.198287306329376	0.0	0.0	3.4546	"[1, 0, 1, 0, 1, 0, 1, 1, 1, 1, 1]"
47	2.198287306329376	0.0	0.0	3.4546	"[1, 0, 1, 0, 1, 0, 1, 1, 1, 1, 1]"
48	2.198287306329376	0.0	0.0	3.4546	"[1, 0, 1, 0, 1, 0, 1, 1, 1, 1, 1]"
49	2.198287306329376	0.0	0.0	3.4546	"[1, 0, 1, 0, 1, 0, 1, 1, 1, 1, 1]"
50	2.198287306329376	0.0	0.0	3.4546	"[1, 0, 1, 0, 1, 0, 1, 1, 1, 1, 1]"
51	2.198287306329376	0.0	0.0	3.4546	"[1, 0, 1, 0, 1, 0, 1, 1, 1, 1, 1]"
52	2.198287306329376	0.0	0.0	3.4546	"[1, 0, 1, 0, 1, 0, 1, 1, 1, 1, 1]"
53	2.198287306329376	0.0	0.0	3.4546	"[1, 0, 1, 0, 1, 0, 1, 1, 1, 1, 1]"
54	2.198287306329376	0.0	0.0	3.4546	"[1, 0, 1, 0, 1, 0, 1, 1, 1, 1, 1]"
55	2.198287306329376	0.0	0.0	3.4546	"[1, 0, 1, 0, 1, 0, 1, 1, 1, 1, 1]"
56	2.198287306329376	0.0	0.0	3.4546	"[1, 0, 1, 0, 1, 0, 1, 1, 1, 1, 1]"
57	2.198287306329376	0.0	0.0	3.4546	"[1, 0, 1, 0, 1, 0, 1, 1, 1, 1, 1]"
58	2.198287306329376	0.0	0.0	3.4546	"[0, 1, 0, 1, 0, 1, 0, 0, 0, 0, 0]"
59	2.198287306329376	0.0	0.0	3.4546	"[1, 0, 1, 0, 1, 0, 1, 1, 1, 1, 1]"
60	2.198287306329376	0.0	0.0	3.4546	"[1, 0, 1, 0, 1, 0, 1, 1, 1, 1, 1]"
61	2.198287306329376	0.0	0.0	3.4546	"[1, 0, 1, 0, 1, 0, 1, 1, 1, 1, 1]"
62	2.198287306329376	0.0	0.0	3.4546	"[1, 0, 1, 0, 1, 0, 1, 1, 1, 1, 1]"
63	2.198287306329376	0.0	0.0	3.4546	"[1, 0, 1, 0, 1, 0, 1, 1, 1, 1, 1]"
64	2.198287306329376	0.0	0.0	3.4546	"[1, 0, 1, 0, 1, 0, 1, 1, 1, 1, 1]"
65	2.198287306329376	0.0	0.0	3.4546	"[1, 0, 1, 0, 1, 0, 1, 1, 1, 1, 1]"
66	2.198287306329376	0.0	0.0	3.4546	"[1, 0, 1, 0, 1, 0, 1, 1, 1, 1, 1]"
67	2.198287306329376	0.0	0.0	3.4546	"[1, 0, 1, 0, 1, 0, 1, 1, 1, 1, 1]"
68	2.198287306329376	0.0	0.0	3.4546	"[1, 0, 1, 0, 1, 0, 1, 1, 1, 1, 1]"
69	2.198287306329376	0.0	0.0	3.4546	"[1, 0, 1, 0, 1, 0, 1, 1, 1, 1, 1]"
70	2.198287306329376	0.0	0.0	3.4546	"[1, 0, 1, 0, 1, 0, 1, 1, 1, 1, 1]"
71	2.198287306329376	0.0	0.0	3.4546	"[1, 0, 1, 0, 1, 0, 1, 1, 1, 1, 1]"
72	2.198287306329376	0.0	0.0	3.4546	"[1, 0, 1, 0, 1, 0, 1, 1, 1, 1, 1]"
73	2.198287306329376	0.0	0.0	3.4546	"[1, 0, 1, 0, 1, 0, 1, 1, 1, 1, 1]"
74	2.198287306329376	0.0	0.0	3.4546	"[1, 0, 1, 0, 1, 0, 1, 1, 1, 1, 1]"
75	2.198287306329376	0.0	0.0	3.4546	"[1, 0, 1, 0, 1, 0, 1, 1, 1, 1, 1]"
76	2.198287306329376	0.0	0.0	3.4546	"[1, 0, 1, 0, 1, 0, 1, 1, 1, 1, 1]"
77	2.198287306329376	0.0	0.0	3.4546	"[1, 0, 1, 0, 1, 0, 1, 1, 1, 1, 1]"
78	2.198287306329376	0.0	0.0	3.4546	"[1, 0, 1, 0, 1, 0, 1, 1, 1, 1, 1]"
79	2.198287306329376	0.0	0.0	3.4546	"[1, 0, 1, 0, 1, 0, 1, 1, 1, 1, 1]"
80	2.198287306329376	0.0	0.0	3.4546	"[1, 0, 1, 0, 1, 0, 1, 1, 1, 1, 1]"
81	2.198287306329376	0.0	0.0	3.4546	"[1, 0, 1, 0, 1, 0, 1, 1, 1, 1, 1]"
82	2.198287306329376	0.0	0.0	3.4546	"[1, 0, 1, 0, 1, 0, 1, 1, 1, 1, 1]"
83	2.198287306329376	0.0	0.0	3.4546	"[1, 0, 1, 0, 1, 0, 1, 1, 1, 1, 1]"
84	2.198287306329376	0.0	0.0	3.4546	"[1, 0, 1, 0, 1, 0, 1, 1, 1, 1, 1]"
85	2.198287306329376	0.0	0.0	3.4546	"[1, 0, 1, 0, 1, 0, 1, 1, 1, 1, 1]"
86	2.198287306329376	0.0	0.0	3.4546	"[1, 0, 1, 0, 1, 0, 1, 1, 1, 1, 1]"
87	2.198287306329376	0.0	0.0	3.4546	"[0, 1, 0, 1, 0, 1, 0, 0, 0, 0, 0]"
88	2.198287306329376	0.0	0.0	3.4546	"[0, 1, 0, 1, 0, 1, 0, 0, 0, 0, 0]"
89	2.198287306329376	0.0	0.0	3.4546	"[1, 0, 1, 0, 1, 0, 1, 1, 1, 1, 1]"
90	2.198287306329376	0.0	0.0	3.4546	"[1, 0, 1, 0, 1, 0, 1, 1, 1, 1, 1]"
91	2.198287306329376	0.0	0.0	3.4546	"[1, 0, 1, 0, 1, 0, 1, 1, 1, 1, 1]"
92	2.198287306329376	0.0	0.0	3.4546	"[1, 0, 1, 0, 1, 0, 1, 1, 1, 1, 1]"
93	2.198287306329376	0.0	0.0	3.4546	"[1, 0, 1, 0, 1, 0, 1, 1, 1, 1, 1]"
94	2.198287306329376	0.0	0.0	3.4546	"[1, 0, 1, 0, 1, 0, 1, 1, 1, 1, 1]"
95	2.198287306329376	0.0	0.0	3.4546	"[1, 0, 1, 0, 1, 0, 1, 1, 1, 1, 1]"
96	2.198287306329376	0.0	0.0	3.4546	"[1, 0, 1, 0, 1, 0, 1, 1, 1, 1, 1]"
97	2.198287306329376	0.0	0.0	3.4546	"[1, 0, 1, 0, 1, 0, 1, 1, 1, 1, 1]"
98	2.198287306329376	0.0	0.0	3.4546	"[1, 0, 1, 0, 1, 0, 1, 1, 1, 1, 1]"
99	2.198287306329376	0.0	0.0	3.4546	"[1, 0, 1, 0, 1, 0, 1, 1, 1, 1, 1]"
100	2.198287306329376	0.0	0.0	3.4546	"[1, 0, 1, 0, 1, 0, 1, 1, 1, 1, 1]"
101	2.198287306329376	0.0	0.0	3.4546	"[1, 0, 1, 0, 1, 0, 1, 1, 1, 1, 1]"
102	2.198287306329376	0.0	0.0	3.4546	"[1, 0, 1, 0, 1, 0, 1, 1, 1, 1, 1]"
103	2.198287306329376	0.0	0.0	3.4546	"[1, 0, 1, 0, 1, 0, 1, 1, 1, 1, 1]"
104	2.198287306329376	0.0	0.0	3.4546	"[1, 0, 1, 0, 1, 0, 1, 1, 1, 1, 1]"
105	2.198287306329376	0.0	0.0	3.4546	"[1, 0, 1, 0, 1, 0, 1, 1, 1, 1, 1]"
106	2.198287306329376	0.0	0.0	3.4546	"[1, 0, 1, 0, 1, 0, 1, 1, 1, 1, 1]"
107	2.198287306329376	0.0	0.0	3.4546	"[1, 0, 1, 0, 1, 0, 1, 1, 1, 1, 1]"
108	2.198287306329376	0.0	0.0	3.4546	"[1, 0, 1, 0, 1, 0, 1, 1, 1, 1, 1]"
109	2.198287306329376	0.0	0.0	3.4546	"[1, 0, 1, 0, 1, 0, 1, 1, 1, 1, 1]"
110	2.198287306329376	0.0	0.0	3.4546	"[1, 0, 1, 0, 1, 0, 1, 1, 1, 1, 1]"
111	2.198287306329376	0.0	0.0	3.4546	"[1, 0, 1, 0, 1, 0, 1, 1, 1, 1, 1]"
112	2.198287306329376	0.0	0.0	3.4546	"[1, 0, 1, 0, 1, 0, 1, 1, 1, 1, 1]"
113	2.198287306329376	0.0	0.0	3.4546	"[1, 0, 1, 0, 1, 0, 1, 1, 1, 1, 1]"
114	2.198287306329376	0.0	0.0	3.4546	"[1, 0, 1, 0, 1, 0, 1, 1, 1, 1, 1]"
115	2.198287306329376	0.0	0.0	3.4546	"[1, 0, 1, 0, 1, 0, 1, 1, 1, 1, 1]"
116	2.198287306329376	0.0	0.0	3.4546	"[0, 1, 0, 1, 0, 1, 0, 0, 0, 0, 0]"
117	2.198287306329376	0.0	0.0	3.4546	"[1, 0, 1, 0, 1, 0, 1, 1, 1, 1, 1]"
118	2.198287306329376	0.0	0.0	3.4546	"[1, 0, 1, 0, 1, 0, 1, 1, 1, 1, 1]"
119	2.198287306329376	0.0	0.0	3.4546	"[1, 0, 1, 0, 1, 0, 1, 1, 1, 1, 1]"
120	2.198287306329376	0.0	0.0	3.4546	"[1, 0, 1, 0, 1, 0, 1, 1, 1, 1, 1]"
121	2.198287306329376	0.0	0.0	3.4546	"[0, 1, 0, 1, 0, 1, 0, 0, 0, 0, 0]"
122	2.198287306329376	0.0	0.0	3.4546	"[1, 0, 1, 0, 1, 0, 1, 1, 1, 1, 1]"
123	2.198287306329376	0.0	0.0	3.4546	"[1, 0, 1, 0, 1, 0, 1, 1, 1, 1, 1]"
124	2.198287306329376	0.0	0.0	3.4546	"[1, 0, 1, 0, 1, 0, 1, 1, 1, 1, 1]"
125	2.198287306329376	0.0	0.0	3.4546	"[1, 0, 1, 0, 1, 0, 1, 1, 1, 1, 1]"
126	2.198287306329376	0.0	0.0	3.4546	"[1, 0, 1, 0, 1, 0, 1, 1, 1, 1, 1]"
127	2.198287306329376	0.0	0.0	3.4546	"[1, 0, 1, 0, 1, 0, 1, 1, 1, 1, 1]"
128	2.198287306329376	0.0	0.0	3.4546	"[1, 0, 1, 0, 1, 0, 1, 1, 1, 1, 1]"
129	2.198287306329376	0.0	0.0	3.4546	"[1, 0, 1, 0, 1, 0, 1, 1, 1, 1, 1]"
130	2.198287306329376	0.0	0.0	3.4546	"[1, 0, 1, 0, 1, 0, 1, 1, 1, 1, 1]"
131	2.198287306329376	0.0	0.0	3.4546	"[1, 0, 1, 0, 1, 0, 1, 1, 1, 1, 1]"
132	2.198287306329376	0.0	0.0	3.4546	"[1, 0, 1, 0, 1, 0, 1, 1, 1, 1, 1]"
133	2.198287306329376	0.0	0.0	3.4546	"[1, 0, 1, 0, 1, 0, 1, 1, 1, 1, 1]"
134	2.198287306329376	0.0	0.0	3.4546	"[1, 0, 1, 0, 1, 0, 1, 1, 1, 1, 1]"
135	2.198287306329376	0.0	0.0	3.4546	"[1, 0, 1, 0, 1, 0, 1, 1, 1, 1, 1]"
136	2.198287306329376	0.0	0.0	3.4546	"[1, 0, 1, 0, 1, 0, 1, 1, 1, 1, 1]"
137	2.198287306329376	0.0	0.0	3.4546	"[1, 0, 1, 0, 1, 0, 1, 1, 1, 1, 1]"
138	2.198287306329376	0.0	0.0	3.4546	"[1, 0, 1, 0, 1, 0, 1, 1, 1, 1, 1]"
139	2.198287306329376	0.0	0.0	3.4546	"[1, 0, 1, 0, 1, 0, 1, 1, 1, 1, 1]"
140	2.198287306329376	0.0	0.0	3.4546	"[1, 0, 1, 0, 1, 0, 1, 1, 1, 1, 1]"
141	2.198287306329376	0.0	0.0	3.4546	"[1, 0, 1, 0, 1, 0, 1, 1, 1, 1, 1]"
142	2.198287306329376	0.0	0.0	3.4546	"[1, 0, 1, 0, 1, 0, 1, 1, 1, 1, 1]"
143	2.198287306329376	0.0	0.0	3.4546	"[1, 0, 1, 0, 1, 0, 1, 1, 1, 1, 1]"
144	2.198287306329376	0.0	0.0	3.4546	"[1, 0, 1, 0, 1, 0, 1, 1, 1, 1, 1]"
145	2.198287306329376	0.0	0.0	3.4546	"[1, 0, 1, 0, 1, 0, 1, 1, 1, 1, 1]"
146	2.198287306329376	0.0	0.0	3.4546	"[1, 0, 1, 0, 1, 0, 1, 1, 1, 1, 1]"
147	2.198287306329376	0.0	0.0	3.4546	"[1, 0, 1, 0, 1, 0, 1, 1, 1, 1, 1]"
148	2.198287306329376	0.0	0.0	3.4546	"[1, 0, 1, 0, 1, 0, 1, 1, 1, 1, 1]"
149	2.198287306329376	0.0	0.0	3.4546	"[1, 0, 1, 0, 1, 0, 1, 1, 1, 1, 1]"
150	2.198287306329376	0.0	0.0	3.4546	"[1, 0, 1, 0, 1, 0, 1, 1, 1, 1, 1]"
151	2.198287306329376	0.0	0.0	3.4546	"[1, 0, 1, 0, 1, 0, 1, 1, 1, 1, 1]"
152	2.198287306329376	0.0	0.0	3.4546	"[1, 0, 1, 0, 1, 0, 1, 1, 1, 1, 1]"
153	2.198287306329376	0.0	0.0	3.4546	"[1, 0, 1, 0, 1, 0, 1, 1, 1, 1, 1]"
154	2.198287306329376	0.0	0.0	3.4546	"[1, 0, 1, 0, 1, 0, 1, 1, 1, 1, 1]"
155	2.198287306329376	0.0	0.0	3.4546	"[1, 0, 1, 0, 1, 0, 1, 1, 1, 1, 1]"
156	2.198287306329376	0.0	0.0	3.4546	"[1, 0, 1, 0, 1, 0, 1, 1, 1, 1, 1]"
157	2.198287306329376	0.0	0.0	3.4546	"[1, 0, 1, 0, 1, 0, 1, 1, 1, 1, 1]"
158	2.198287306329376	0.0	0.0	3.4546	"[1, 0, 1, 0, 1, 0, 1, 1, 1, 1, 1]"
159	2.198287306329376	0.0	0.0	3.4546	"[1, 0, 1, 0, 1, 0, 1, 1, 1, 1, 1]"
160	2.198287306329376	0.0	0.0	3.4546	"[1, 0, 1, 0, 1, 0, 1, 1, 1, 1, 1]"
161	2.198287306329376	0.0	0.0	3.4546	"[1, 0, 1, 0, 1, 0, 1, 1, 1, 1, 1]"
162	2.198287306329376	0.0	0.0	3.4546	"[1, 0, 1, 0, 1, 0, 1, 1, 1, 1, 1]"
163	2.198287306329376	0.0	0.0	3.4546	"[1, 0, 1, 0, 1, 0, 1, 1, 1, 1, 1]"
164	2.198287306329376	0.0	0.0	3.4546	"[1, 0, 1, 0, 1, 0, 1, 1, 1, 1, 1]"
165	2.198287306329376	0.0	0.0	3.4546	"[1, 0, 1, 0, 1, 0, 1, 1, 1, 1, 1]"
166	2.198287306329376	0.0	0.0	3.4546	"[1, 0, 1, 0, 1, 0, 1, 1, 1, 1, 1]"
167	2.198287306329376	0.0	0.0	3.4546	"[1, 0, 1, 0, 1, 0, 1, 1, 1, 1, 1]"
168	2.198287306329376	0.0	0.0	3.4546	"[1, 0, 1, 0, 1, 0, 1, 1, 1, 1, 1]"
169	2.198287306329376	0.0	0.0	3.4546	"[1, 0, 1, 0, 1, 0, 1, 1, 1, 1, 1]"
170	2.198287306329376	0.0	0.0	3.4546	"[1, 0, 1, 0, 1, 0, 1, 1, 1, 1, 1]"
171	2.198287306329376	0.0	0.0	3.4546	"[1, 0, 1, 0, 1, 0, 1, 1, 1, 1, 1]"
172	2.198287306329376	0.0	0.0	3.4546	"[1, 0, 1, 0, 1, 0, 1, 1, 1, 1, 1]"
173	2.198287306329376	0.0	0.0	3.4546	"[1, 0, 1, 0, 1, 0, 1, 1, 1, 1, 1]"
174	2.198287306329376	0.0	0.0	3.4546	"[1, 0, 1, 0, 1, 0, 1, 1, 1, 1, 1]"
175	2.198287306329376	0.0	0.0	3.4546	"[1, 0, 1, 0, 1, 0, 1, 1, 1, 1, 1]"
176	2.198287306329376	0.0	0.0	3.4546	"[1, 0, 1, 0, 1, 0, 1, 1, 1, 1, 1]"
177	2.198287306329376	0.0	0.0	3.4546	"[1, 0, 1, 0, 1, 0, 1, 1, 1, 1, 1]"
178	2.198287306329376	0.0	0.0	3.4546	"[1, 0, 1, 0, 1, 0, 1, 1, 1, 1, 1]"
179	2.198287306329376	0.0	0.0	3.4546	"[1, 0, 1, 0, 1, 0, 1, 1, 1, 1, 1]"
180	2.198287306329376	0.0	0.0	3.4546	"[1, 0, 1, 0, 1, 0, 1, 1, 1, 1, 1]"
181	2.198287306329376	0.0	0.0	3.4546	"[1, 0, 1, 0, 1, 0, 1, 1, 1, 1, 1]"
182	2.198287306329376	0.0	0.0	3.4546	"[1, 0, 1, 0, 1, 0, 1, 1, 1, 1, 1]"
183	2.198287306329376	0.0	0.0	3.4546	"[1, 0, 1, 0, 1, 0, 1, 1, 1, 1, 1]"
184	2.198287306329376	0.0	0.0	3.4546	"[1, 0, 1, 0, 1, 0, 1, 1, 1, 1, 1]"
185	2.198287306329376	0.0	0.0	3.4546	"[1, 0, 1, 0, 1, 0, 1, 1, 1, 1, 1]"
186	2.198287306329376	0.0	0.0	3.4546	"[1, 0, 1, 0, 1, 0, 1, 1, 1, 1, 1]"
187	2.198287306329376	0.0	0.0	3.4546	"[1, 0, 1, 0, 1, 0, 1, 1, 1, 1, 1]"
188	2.198287306329376	0.0	0.0	3.4546	"[1, 0, 1, 0, 1, 0, 1, 1, 1, 1, 1]"
189	2.198287306329376	0.0	0.0	3.4546	"[1, 0, 1, 0, 1, 0, 1, 1, 1, 1, 1]"
190	2.198287306329376	0.0	0.0	3.4546	"[1, 0, 1, 0, 1, 0, 1, 1, 1, 1, 1]"
191	2.198287306329376	0.0	0.0	3.4546	"[1, 0, 1, 0, 1, 0, 1, 1, 1, 1, 1]"
192	2.198287306329376	0.0	0.0	3.4546	"[1, 0, 1, 0, 1, 0, 1, 1, 1, 1, 1]"
193	2.198287306329376	0.0	0.0	3.4546	"[1, 0, 1, 0, 1, 0, 1, 1, 1, 1, 1]"
194	2.198287306329376	0.0	0.0	3.4546	"[1, 0, 1, 0, 1, 0, 1, 1, 1, 1, 1]"
195	2.198287306329376	0.0	0.0	3.4546	"[1, 0, 1, 0, 1, 0, 1, 1, 1, 1, 1]"
196	2.198287306329376	0.0	0.0	3.4546	"[1, 0, 1, 0, 1, 0, 1, 1, 1, 1, 1]"
197	2.198287306329376	0.0	0.0	3.4546	"[1, 0, 1, 0, 1, 0, 1, 1, 1, 1, 1]"
198	2.198287306329376	0.0	0.0	3.4546	"[1, 0, 1, 0, 1, 0, 1, 1, 1, 1, 1]"
199	2.198287306329376	0.0	0.0	3.4546	"[1, 0, 1, 0, 1, 0, 1, 1, 1, 1, 1]"
200	2.198287306329376	0.0	0.0	3.4546	"[1, 0, 1, 0, 1, 0, 1, 1, 1, 1, 1]"
201	2.198287306329376	0.0	0.0	3.4546	"[1, 0, 1, 0, 1, 0, 1, 1, 1, 1, 1]"
202	2.198287306329376	0.0	0.0	3.4546	"[1, 0, 1, 0, 1, 0, 1, 1, 1, 1, 1]"
203	2.198287306329376	0.0	0.0	3.4546	"[1, 0, 1, 0, 1, 0, 1, 1, 1, 1, 1]"
204	2.198287306329376	0.0	0.0	3.4546	"[1, 0, 1, 0, 1, 0, 1, 1, 1, 1, 1]"
205	2.198287306329376	0.0	0.0	3.4546	"[1, 0, 1, 0, 1, 0, 1, 1, 1, 1, 1]"
206	2.198287306329376	0.0	0.0	3.4546	"[1, 0, 1, 0, 1, 0, 1, 1, 1, 1, 1]"
207	2.198287306329376	0.0	0.0	3.4546	"[1, 0, 1, 0, 1, 0, 1, 1, 1, 1, 1]"
208	2.198287306329376	0.0	0.0	3.4546	"[1, 0, 1, 0, 1, 0, 1, 1, 1, 1, 1]"
209	2.198287306329376	0.0	0.0	3.4546	"[1, 0, 1, 0, 1, 0, 1, 1, 1, 1, 1]"
210	2.198287306329376	0.0	0.0	3.4546	"[1, 0, 1, 0, 1, 0, 1, 1, 1, 1, 1]"
211	2.198287306329376	0.0	0.0	3.4546	"[1, 0, 1, 0, 1, 0, 1, 1, 1, 1, 1]"
212	2.198287306329376	0.0	0.0	3.4546	"[1, 0, 1, 0, 1, 0, 1, 1, 1, 1, 1]"
213	2.198287306329376	0.0	0.0	3.4546	"[1, 0, 1, 0, 1, 0, 1, 1, 1, 1, 1]"
214	2.198287306329376	0.0	0.0	3.4546	"[1, 0, 1, 0, 1, 0, 1, 1, 1, 1, 1]"
215	2.198287306329376	0.0	0.0	3.4546	"[1, 0, 1, 0, 1, 0, 1, 1, 1, 1, 1]"
216	2.198287306329376	0.0	0.0	3.4546	"[1, 0, 1, 0, 1, 0, 1, 1, 1, 1, 1]"
217	2.198287306329376	0.0	0.0	3.4546	"[1, 0, 1, 0, 1, 0, 1, 1, 1, 1, 1]"
218	2.198287306329376	0.0	0.0	3.4546	"[1, 0, 1, 0, 1, 0, 1, 1, 1, 1, 1]"
219	2.198287306329376	0.0	0.0	3.4546	"[1, 0, 1, 0, 1, 0, 1, 1, 1, 1, 1]"
220	2.198287306329376	0.0	0.0	3.4546	"[1, 0, 1, 0, 1, 0, 1, 1, 1, 1, 1]"
221	2.198287306329376	0.0	0.0	3.4546	"[1, 0, 1, 0, 1, 0, 1, 1, 1, 1, 1]"
222	2.198287306329376	0.0	0.0	3.4546	"[1, 0, 1, 0, 1, 0, 1, 1, 1, 1, 1]"
223	2.198287306329376	0.0	0.0	3.4546	"[1, 0, 1, 0, 1, 0, 1, 1, 1, 1, 1]"
224	2.198287306329376	0.0	0.0	3.4546	"[1, 0, 1, 0, 1, 0, 1, 1, 1, 1, 1]"
225	2.198287306329376	0.0	0.0	3.4546	"[1, 0, 1, 0, 1, 0, 1, 1, 1, 1, 1]"
226	2.198287306329376	0.0	0.0	3.4546	"[1, 0, 1, 0, 1, 0, 1, 1, 1, 1, 1]"
227	2.198287306329376	0.0	0.0	3.4546	"[1, 0, 1, 0, 1, 0, 1, 1, 1, 1, 1]"
228	2.198287306329376	0.0	0.0	3.4546	"[1, 0, 1, 0, 1, 0, 1, 1, 1, 1, 1]"
229	2.198287306329376	0.0	0.0	3.4546	"[1, 0, 1, 0, 1, 0, 1, 1, 1, 1, 1]"
230	2.198287306329376	0.0	0.0	3.4546	"[1, 0, 1, 0, 1, 0, 1, 1, 1, 1, 1]"
231	2.198287306329376	0.0	0.0	3.4546	"[1, 0, 1, 0, 1, 0, 1, 1, 1, 1, 1]"
232	2.198287306329376	0.0	0.0	3.4546	"[1, 0, 1, 0, 1, 0, 1, 1, 1, 1, 1]"
233	2.198287306329376	0.0	0.0	3.4546	"[1, 0, 1, 0, 1, 0, 1, 1, 1, 1, 1]"
234	2.198287306329376	0.0	0.0	3.4546	"[1, 0, 1, 0, 1, 0, 1, 1, 1, 1, 1]"
235	2.198287306329376	0.0	0.0	3.4546	"[1, 0, 1, 0, 1, 0, 1, 1, 1, 1, 1]"
236	2.198287306329376	0.0	0.0	3.4546	"[1, 0, 1, 0, 1, 0, 1, 1, 1, 1, 1]"
237	2.198287306329376	0.0	0.0	3.4546	"[1, 0, 1, 0, 1, 0, 1, 1, 1, 1, 1]"
238	2.198287306329376	0.0	0.0	3.4546	"[1, 0, 1, 0, 1, 0, 1, 1, 1, 1, 1]"
239	2.198287306329376	0.0	0.0	3.4546	"[1, 0, 1, 0, 1, 0, 1, 1, 1, 1, 1]"
240	2.198287306329376	0.0	0.0	3.4546	"[1, 0, 1, 0, 1, 0, 1, 1, 1, 1, 1]"
241	2.198287306329376	0.0	0.0	3.4546	"[1, 0, 1, 0, 1, 0, 1, 1, 1, 1, 1]"
242	2.198287306329376	0.0	0.0	3.4546	"[1, 0, 1, 0, 1, 0, 1, 1, 1, 1, 1]"
243	2.198287306329376	0.0	0.0	3.4546	"[1, 0, 1, 0, 1, 0, 1, 1, 1, 1, 1]"
244	2.198287306329376	0.0	0.0	3.4546	"[1, 0, 1, 0, 1, 0, 1, 1, 1, 1, 1]"
245	2.198287306329376	0.0	0.0	3.4546	"[1, 0, 1, 0, 1, 0, 1, 1, 1, 1, 1]"
246	2.198287306329376	0.0	0.0	3.4546	"[1, 0, 1, 0, 1, 0, 1, 1, 1, 1, 1]"
247	2.198287306329376	0.0	0.0	3.4546	"[1, 0, 1, 0, 1, 0, 1, 1, 1, 1, 1]"
248	2.198287306329376	0.0	0.0	3.4546	"[1, 0, 1, 0, 1, 0, 1, 1, 1, 1, 1]"
249	2.198287306329376	0.0	0.0	3.4546	"[1, 0, 1, 0, 1, 0, 1, 1, 1, 1, 1]"
250	2.198287306329376	0.0	0.0	3.4546	"[1, 0, 1, 0, 1, 0, 1, 1, 1, 1, 1]"
251	2.198287306329376	0.0	0.0	3.4546	"[1, 0, 1, 0, 1, 0, 1, 1, 1, 1, 1]"
252	2.198287306329376	0.0	0.0	3.4546	"[1, 0, 1, 0, 1, 0, 1, 1, 1, 1, 1]"
253	2.198287306329376	0.0	0.0	3.4546	"[1, 0, 1, 0, 1, 0, 1, 1, 1, 1, 1]"
254	2.198287306329376	0.0	0.0	3.4546	"[1, 0, 1, 0, 1, 0, 1, 1, 1, 1, 1]"
255	2.198287306329376	0.0	0.0	3.4546	"[1, 0, 1, 0, 1, 0, 1, 1, 1, 1, 1]"
256	2.198287306329376	0.0	0.0	3.4546	"[1, 0, 1, 0, 1, 0, 1, 1, 1, 1, 1]"
257	2.198287306329376	0.0	0.0	3.4546	"[1, 0, 1, 0, 1, 0, 1, 1, 1, 1, 1]"
258	2.198287306329376	0.0	0.0	3.4546	"[1, 0, 1, 0, 1, 0, 1, 1, 1, 1, 1]"
259	2.198287306329376	0.0	0.0	3.4546	"[1, 0, 1, 0, 1, 0, 1, 1, 1, 1, 1]"
260	2.198287306329376	0.0	0.0	3.4546	"[1, 0, 1, 0, 1, 0, 1, 1, 1, 1, 1]"
261	2.198287306329376	0.0	0.0	3.4546	"[1, 0, 1, 0, 1, 0, 1, 1, 1, 1, 1]"
262	2.198287306329376	0.0	0.0	3.4546	"[1, 0, 1, 0, 1, 0, 1, 1, 1, 1, 1]"
263	2.198287306329376	0.0	0.0	3.4546	"[1, 0, 1, 0, 1, 0, 1, 1, 1, 1, 1]"
264	2.198287306329376	0.0	0.0	3.4546	"[1, 0, 1, 0, 1, 0, 1, 1, 1, 1, 1]"
265	2.198287306329376	0.0	0.0	3.4546	"[1, 0, 1, 0, 1, 0, 1, 1, 1, 1, 1]"
266	2.198287306329376	0.0	0.0	3.4546	"[1, 0, 1, 0, 1, 0, 1, 1, 1, 1, 1]"
267	2.198287306329376	0.0	0.0	3.4546	"[1, 0, 1, 0, 1, 0, 1, 1, 1, 1, 1]"
268	2.198287306329376	0.0	0.0	3.4546	"[1, 0, 1, 0, 1, 0, 1, 1, 1, 1, 1]"
269	2.198287306329376	0.0	0.0	3.4546	"[1, 0, 1, 0, 1, 0, 1, 1, 1, 1, 1]"
270	2.198287306329376	0.0	0.0	3.4546	"[1, 0, 1, 0, 1, 0, 1, 1, 1, 1, 1]"
271	2.198287306329376	0.0	0.0	3.4546	"[1, 0, 1, 0, 1, 0, 1, 1, 1, 1, 1]"
272	2.198287306329376	0.0	0.0	3.4546	"[1, 0, 1, 0, 1, 0, 1, 1, 1, 1, 1]"
273	2.198287306329376	0.0	0.0	3.4546	"[1, 0, 1, 0, 1, 0, 1, 1, 1, 1, 1]"
274	2.198287306329376	0.0	0.0	3.4546	"[1, 0, 1, 0, 1, 0, 1, 1, 1, 1, 1]"
275	2.198287306329376	0.0	0.0	3.4546	"[1, 0, 1, 0, 1, 0, 1, 1, 1, 1, 1]"
276	2.198287306329376	0.0	0.0	3.4546	"[1, 0, 1, 0, 1, 0, 1, 1, 1, 1, 1]"
277	2.198287306329376	0.0	0.0	3.4546	"[1, 0, 1, 0, 1, 0, 1, 1, 1, 1, 1]"
278	2.198287306329376	0.0	0.0	3.4546	"[1, 0, 1, 0, 1, 0, 1, 1, 1, 1, 1]"
279	2.198287306329376	0.0	0.0	3.4546	"[1, 0, 1, 0, 1, 0, 1, 1, 1, 1, 1]"
280	2.198287306329376	0.0	0.0	3.4546	"[1, 0, 1, 0, 1, 0, 1, 1, 1, 1, 1]"
281	2.198287306329376	0.0	0.0	3.4546	"[1, 0, 1, 0, 1, 0, 1, 1, 1, 1, 1]"
282	2.198287306329376	0.0	0.0	3.4546	"[1, 0, 1, 0, 1, 0, 1, 1, 1, 1, 1]"
283	2.198287306329376	0.0	0.0	3.4546	"[1, 0, 1, 0, 1, 0, 1, 1, 1, 1, 1]"
284	2.198287306329376	0.0	0.0	3.4546	"[1, 0, 1, 0, 1, 0, 1, 1, 1, 1, 1]"
285	2.198287306329376	0.0	0.0	3.4546	"[1, 0, 1, 0, 1, 0, 1, 1, 1, 1, 1]"
286	2.198287306329376	0.0	0.0	3.4546	"[1, 0, 1, 0, 1, 0, 1, 1, 1, 1, 1]"
287	2.198287306329376	0.0	0.0	3.4546	"[1, 0, 1, 0, 1, 0, 1, 1, 1, 1, 1]"
288	2.198287306329376	0.0	0.0	3.4546	"[1, 0, 1, 0, 1, 0, 1, 1, 1, 1, 1]"
289	2.198287306329376	0.0	0.0	3.4546	"[1, 0, 1, 0, 1, 0, 1, 1, 1, 1, 1]"
290	2.198287306329376	0.0	0.0	3.4546	"[1, 0, 1, 0, 1, 0, 1, 1, 1, 1, 1]"
291	2.198287306329376	0.0	0.0	3.4546	"[1, 0, 1, 0, 1, 0, 1, 1, 1, 1, 1]"
292	2.198287306329376	0.0	0.0	3.4546	"[1, 0, 1, 0, 1, 0, 1, 1, 1, 1, 1]"
293	2.198287306329376	0.0	0.0	3.4546	"[1, 0, 1, 0, 1, 0, 1, 1, 1, 1, 1]"
294	2.198287306329376	0.0	0.0	3.4546	"[1, 0, 1, 0, 1, 0, 1, 1, 1, 1, 1]"
295	2.198287306329376	0.0	0.0	3.4546	"[1, 0, 1, 0, 1, 0, 1, 1, 1, 1, 1]"
296	2.198287306329376	0.0	0.0	3.4546	"[1, 0, 1, 0, 1, 0, 1, 1, 1, 1, 1]"
297	2.198287306329376	0.0	0.0	3.4546	"[1, 0, 1, 0, 1, 0, 1, 1, 1, 1, 1]"
298	2.198287306329376	0.0	0.0	3.4546	"[0, 1, 0, 1, 0, 1, 0, 0, 0, 0, 0]"
299	2.198287306329376	0.0	0.0	3.4546	"[1, 0, 1, 0, 1, 0, 1, 1, 1, 1, 1]"
300	2.198287306329376	0.0	0.0	3.4546	"[1, 0, 1, 0, 1, 0, 1, 1, 1, 1, 1]"
301	2.198287306329376	0.0	0.0	3.4546	"[1, 0, 1, 0, 1, 0, 1, 1, 1, 1, 1]"
302	2.198287306329376	0.0	0.0	3.4546	"[1, 0, 1, 0, 1, 0, 1, 1, 1, 1, 1]"
303	2.198287306329376	0.0	0.0	3.4546	"[1, 0, 1, 0, 1, 0, 1, 1, 1, 1, 1]"
304	2.198287306329376	0.0	0.0	3.4546	"[1, 0, 1, 0, 1, 0, 1, 1, 1, 1, 1]"
305	2.198287306329376	0.0	0.0	3.4546	"[1, 0, 1, 0, 1, 0, 1, 1, 1, 1, 1]"
306	2.198287306329376	0.0	0.0	3.4546	"[1, 0, 1, 0, 1, 0, 1, 1, 1, 1, 1]"
307	2.198287306329376	0.0	0.0	3.4546	"[1, 0, 1, 0, 1, 0, 1, 1, 1, 1, 1]"
308	2.198287306329376	0.0	0.0	3.4546	"[1, 0, 1, 0, 1, 0, 1, 1, 1, 1, 1]"
309	2.198287306329376	0.0	0.0	3.4546	"[1, 0, 1, 0, 1, 0, 1, 1, 1, 1, 1]"
310	2.198287306329376	0.0	0.0	3.4546	"[1, 0, 1, 0, 1, 0, 1, 1, 1, 1, 1]"
311	2.198287306329376	0.0	0.0	3.4546	"[1, 0, 1, 0, 1, 0, 1, 1, 1, 1, 1]"
312	2.198287306329376	0.0	0.0	3.4546	"[1, 0, 1, 0, 1, 0, 1, 1, 1, 1, 1]"
313	2.198287306329376	0.0	0.0	3.4546	"[1, 0, 1, 0, 1, 0, 1, 1, 1, 1, 1]"
314	2.198287306329376	0.0	0.0	3.4546	"[1, 0, 1, 0, 1, 0, 1, 1, 1, 1, 1]"
315	2.198287306329376	0.0	0.0	3.4546	"[1, 0, 1, 0, 1, 0, 1, 1, 1, 1, 1]"
316	2.198287306329376	0.0	0.0	3.4546	"[1, 0, 1, 0, 1, 0, 1, 1, 1, 1, 1]"
317	2.198287306329376	0.0	0.0	3.4546	"[1, 0, 1, 0, 1, 0, 1, 1, 1, 1, 1]"
318	2.198287306329376	0.0	0.0	3.4546	"[1, 0, 1, 0, 1, 0, 1, 1, 1, 1, 1]"
319	2.198287306329376	0.0	0.0	3.4546	"[1, 0, 1, 0, 1, 0, 1, 1, 1, 1, 1]"
320	2.198287306329376	0.0	0.0	3.4546	"[1, 0, 1, 0, 1, 0, 1, 1, 1, 1, 1]"
321	2.198287306329376	0.0	0.0	3.4546	"[1, 0, 1, 0, 1, 0, 1, 1, 1, 1, 1]"
322	2.198287306329376	0.0	0.0	3.4546	"[1, 0, 1, 0, 1, 0, 1, 1, 1, 1, 1]"
323	2.198287306329376	0.0	0.0	3.4546	"[1, 0, 1, 0, 1, 0, 1, 1, 1, 1, 1]"
324	2.198287306329376	0.0	0.0	3.4546	"[1, 0, 1, 0, 1, 0, 1, 1, 1, 1, 1]"
325	2.198287306329376	0.0	0.0	3.4546	"[1, 0, 1, 0, 1, 0, 1, 1, 1, 1, 1]"
326	2.198287306329376	0.0	0.0	3.4546	"[1, 0, 1, 0, 1, 0, 1, 1, 1, 1, 1]"
327	2.198287306329376	0.0	0.0	3.4546	"[1, 0, 1, 0, 1, 0, 1, 1, 1, 1, 1]"
328	2.198287306329376	0.0	0.0	3.4546	"[1, 0, 1, 0, 1, 0, 1, 1, 1, 1, 1]"
329	2.198287306329376	0.0	0.0	3.4546	"[1, 0, 1, 0, 1, 0, 1, 1, 1, 1, 1]"
330	2.198287306329376	0.0	0.0	3.4546	"[1, 0, 1, 0, 1, 0, 1, 1, 1, 1, 1]"
331	2.198287306329376	0.0	0.0	3.4546	"[1, 0, 1, 0, 1, 0, 1, 1, 1, 1, 1]"
332	2.198287306329376	0.0	0.0	3.4546	"[1, 0, 1, 0, 1, 0, 1, 1, 1, 1, 1]"
333	2.198287306329376	0.0	0.0	3.4546	"[1, 0, 1, 0, 1, 0, 1, 1, 1, 1, 1]"
334	2.198287306329376	0.0	0.0	3.4546	"[1, 0, 1, 0, 1, 0, 1, 1, 1, 1, 1]"
335	2.198287306329376	0.0	0.0	3.4546	"[1, 0, 1, 0, 1, 0, 1, 1, 1, 1, 1]"
336	2.198287306329376	0.0	0.0	3.4546	"[1, 0, 1, 0, 1, 0, 1, 1, 1, 1, 1]"
337	2.198287306329376	0.0	0.0	3.4546	"[1, 0, 1, 0, 1, 0, 1, 1, 1, 1, 1]"
338	2.198287306329376	0.0	0.0	3.4546	"[1, 0, 1, 0, 1, 0, 1, 1, 1, 1, 1]"
339	2.198287306329376	0.0	0.0	3.4546	"[1, 0, 1, 0, 1, 0, 1, 1, 1, 1, 1]"
340	2.198287306329376	0.0	0.0	3.4546	"[0, 1, 0, 1, 0, 1, 0, 0, 0, 0, 0]"
341	2.198287306329376	0.0	0.0	3.4546	"[1, 0, 1, 0, 1, 0, 1, 1, 1, 1, 1]"
342	2.198287306329376	0.0	0.0	3.4546	"[1, 0, 1, 0, 1, 0, 1, 1, 1, 1, 1]"
343	2.198287306329376	0.0	0.0	3.4546	"[1, 0, 1, 0, 1, 0, 1, 1, 1, 1, 1]"
344	2.198287306329376	0.0	0.0	3.4546	"[1, 0, 1, 0, 1, 0, 1, 1, 1, 1, 1]"
345	2.198287306329376	0.0	0.0	3.4546	"[1, 0, 1, 0, 1, 0, 1, 1, 1, 1, 1]"
346	2.198287306329376	0.0	0.0	3.4546	"[1, 0, 1, 0, 1, 0, 1, 1, 1, 1, 1]"
347	2.198287306329376	0.0	0.0	3.4546	"[1, 0, 1, 0, 1, 0, 1, 1, 1, 1, 1]"
348	2.198287306329376	0.0	0.0	3.4546	"[1, 0, 1, 0, 1, 0, 1, 1, 1, 1, 1]"
349	2.198287306329376	0.0	0.0	3.4546	"[1, 0, 1, 0, 1, 0, 1, 1, 1, 1, 1]"
350	2.198287306329376	0.0	0.0	3.4546	"[1, 0, 1, 0, 1, 0, 1, 1, 1, 1, 1]"
351	2.198287306329376	0.0	0.0	3.4546	"[1, 0, 1, 0, 1, 0, 1, 1, 1, 1, 1]"
352	2.198287306329376	0.0	0.0	3.4546	"[1, 0, 1, 0, 1, 0, 1, 1, 1, 1, 1]"
353	2.198287306329376	0.0	0.0	3.4546	"[1, 0, 1, 0, 1, 0, 1, 1, 1, 1, 1]"
354	2.198287306329376	0.0	0.0	3.4546	"[0, 1, 0, 1, 0, 1, 0, 0, 0, 0, 0]"
355	2.198287306329376	0.0	0.0	3.4546	"[1, 0, 1, 0, 1, 0, 1, 1, 1, 1, 1]"
356	2.198287306329376	0.0	0.0	3.4546	"[1, 0, 1, 0, 1, 0, 1, 1, 1, 1, 1]"
357	2.198287306329376	0.0	0.0	3.4546	"[1, 0, 1, 0, 1, 0, 1, 1, 1, 1, 1]"
358	2.198287306329376	0.0	0.0	3.4546	"[1, 0, 1, 0, 1, 0, 1, 1, 1, 1, 1]"
359	2.198287306329376	0.0	0.0	3.4546	"[1, 0, 1, 0, 1, 0, 1, 1, 1, 1, 1]"
360	2.198287306329376	0.0	0.0	3.4546	"[1, 0, 1, 0, 1, 0, 1, 1, 1, 1, 1]"
361	2.198287306329376	0.0	0.0	3.4546	"[1, 0, 1, 0, 1, 0, 1, 1, 1, 1, 1]"
362	2.198287306329376	0.0	0.0	3.4546	"[1, 0, 1, 0, 1, 0, 1, 1, 1, 1, 1]"
363	2.198287306329376	0.0	0.0	3.4546	"[1, 0, 1, 0, 1, 0, 1, 1, 1, 1, 1]"
364	2.198287306329376	0.0	0.0	3.4546	"[1, 0, 1, 0, 1, 0, 1, 1, 1, 1, 1]"
365	2.198287306329376	0.0	0.0	3.4546	"[1, 0, 1, 0, 1, 0, 1, 1, 1, 1, 1]"
366	2.198287306329376	0.0	0.0	3.4546	"[1, 0, 1, 0, 1, 0, 1, 1, 1, 1, 1]"
367	2.198287306329376	0.0	0.0	3.4546	"[1, 0, 1, 0, 1, 0, 1, 1, 1, 1, 1]"
368	2.198287306329376	0.0	0.0	3.4546	"[1, 0, 1, 0, 1, 0, 1, 1, 1, 1, 1]"
369	2.198287306329376	0.0	0.0	3.4546	"[1, 0, 1, 0, 1, 0, 1, 1, 1, 1, 1]"
370	2.198287306329376	0.0	0.0	3.4546	"[1, 0, 1, 0, 1, 0, 1, 1, 1, 1, 1]"
371	2.198287306329376	0.0	0.0	3.4546	"[1, 0, 1, 0, 1, 0, 1, 1, 1, 1, 1]"
372	2.198287306329376	0.0	0.0	3.4546	"[1, 0, 1, 0, 1, 0, 1, 1, 1, 1, 1]"
373	2.198287306329376	0.0	0.0	3.4546	"[1, 0, 1, 0, 1, 0, 1, 1, 1, 1, 1]"
374	2.198287306329376	0.0	0.0	3.4546	"[1, 0, 1, 0, 1, 0, 1, 1, 1, 1, 1]"
375	2.198287306329376	0.0	0.0	3.4546	"[1, 0, 1, 0, 1, 0, 1, 1, 1, 1, 1]"
376	2.198287306329376	0.0	0.0	3.4546	"[1, 0, 1, 0, 1, 0, 1, 1, 1, 1, 1]"
377	2.198287306329376	0.0	0.0	3.4546	"[0, 1, 0, 1, 0, 1, 0, 0, 0, 0, 0]"
378	2.198287306329376	0.0	0.0	3.4546	"[1, 0, 1, 0, 1, 0, 1, 1, 1, 1, 1]"
379	2.198287306329376	0.0	0.0	3.4546	"[1, 0, 1, 0, 1, 0, 1, 1, 1, 1, 1]"
380	2.198287306329376	0.0	0.0	3.4546	"[1, 0, 1, 0, 1, 0, 1, 1, 1, 1, 1]"
381	2.198287306329376	0.0	0.0	3.4546	"[1, 0, 1, 0, 1, 0, 1, 1, 1, 1, 1]"
382	2.198287306329376	0.0	0.0	3.4546	"[1, 0, 1, 0, 1, 0, 1, 1, 1, 1, 1]"
383	2.198287306329376	0.0	0.0	3.4546	"[1, 0, 1, 0, 1, 0, 1, 1, 1, 1, 1]"
384	2.198287306329376	0.0	0.0	3.4546	"[1, 0, 1, 0, 1, 0, 1, 1, 1, 1, 1]"
385	2.198287306329376	0.0	0.0	3.4546	"[1, 0, 1, 0, 1, 0, 1, 1, 1, 1, 1]"
386	2.198287306329376	0.0	0.0	3.4546	"[1, 0, 1, 0, 1, 0, 1, 1, 1, 1, 1]"
387	2.198287306329376	0.0	0.0	3.4546	"[1, 0, 1, 0, 1, 0, 1, 1, 1, 1, 1]"
388	2.198287306329376	0.0	0.0	3.4546	"[1, 0, 1, 0, 1, 0, 1, 1, 1, 1, 1]"
389	2.198287306329376	0.0	0.0	3.4546	"[1, 0, 1, 0, 1, 0, 1, 1, 1, 1, 1]"
390	2.198287306329376	0.0	0.0	3.4546	"[1, 0, 1, 0, 1, 0, 1, 1, 1, 1, 1]"
391	2.198287306329376	0.0	0.0	3.4546	"[1, 0, 1, 0, 1, 0, 1, 1, 1, 1, 1]"
392	2.198287306329376	0.0	0.0	3.4546	"[1, 0, 1, 0, 1, 0, 1, 1, 1, 1, 1]"
393	2.198287306329376	0.0	0.0	3.4546	"[1, 0, 1, 0, 1, 0, 1, 1, 1, 1, 1]"
394	2.198287306329376	0.0	0.0	3.4546	"[1, 0, 1, 0, 1, 0, 1, 1, 1, 1, 1]"
395	2.198287306329376	0.0	0.0	3.4546	"[1, 0, 1, 0, 1, 0, 1, 1, 1, 1, 1]"
396	2.198287306329376	0.0	0.0	3.4546	"[1, 0, 1, 0, 1, 0, 1, 1, 1, 1, 1]"
397	2.198287306329376	0.0	0.0	3.4546	"[1, 0, 1, 0, 1, 0, 1, 1, 1, 1, 1]"
398	2.198287306329376	0.0	0.0	3.4546	"[1, 0, 1, 0, 1, 0, 1, 1, 1, 1, 1]"
399	2.198287306329376	0.0	0.0	3.4546	"[1, 0, 1, 0, 1, 0, 1, 1, 1, 1, 1]"
400	2.198287306329376	0.0	0.0	3.4546	"[1, 0, 1, 0, 1, 0, 1, 1, 1, 1, 1]"
401	2.198287306329376	0.0	0.0	3.4546	"[1, 0, 1, 0, 1, 0, 1, 1, 1, 1, 1]"
402	2.198287306329376	0.0	0.0	3.4546	"[1, 0, 1, 0, 1, 0, 1, 1, 1, 1, 1]"
403	2.198287306329376	0.0	0.0	3.4546	"[1, 0, 1, 0, 1, 0, 1, 1, 1, 1, 1]"
404	2.198287306329376	0.0	0.0	3.4546	"[1, 0, 1, 0, 1, 0, 1, 1, 1, 1, 1]"
405	2.198287306329376	0.0	0.0	3.4546	"[1, 0, 1, 0, 1, 0, 1, 1, 1, 1, 1]"
406	2.198287306329376	0.0	0.0	3.4546	"[1, 0, 1, 0, 1, 0, 1, 1, 1, 1, 1]"
407	2.198287306329376	0.0	0.0	3.4546	"[1, 0, 1, 0, 1, 0, 1, 1, 1, 1, 1]"
408	2.198287306329376	0.0	0.0	3.4546	"[1, 0, 1, 0, 1, 0, 1, 1, 1, 1, 1]"
409	2.198287306329376	0.0	0.0	3.4546	"[1, 0, 1, 0, 1, 0, 1, 1, 1, 1, 1]"
410	2.198287306329376	0.0	0.0	3.4546	"[1, 0, 1, 0, 1, 0, 1, 1, 1, 1, 1]"
411	2.198287306329376	0.0	0.0	3.4546	"[1, 0, 1, 0, 1, 0, 1, 1, 1, 1, 1]"
412	2.198287306329376	0.0	0.0	3.4546	"[1, 0, 1, 0, 1, 0, 1, 1, 1, 1, 1]"
413	2.198287306329376	0.0	0.0	3.4546	"[1, 0, 1, 0, 1, 0, 1, 1, 1, 1, 1]"
414	2.198287306329376	0.0	0.0	3.4546	"[1, 0, 1, 0, 1, 0, 1, 1, 1, 1, 1]"
415	2.198287306329376	0.0	0.0	3.4546	"[1, 0, 1, 0, 1, 0, 1, 1, 1, 1, 1]"
416	2.198287306329376	0.0	0.0	3.4546	"[1, 0, 1, 0, 1, 0, 1, 1, 1, 1, 1]"
417	2.198287306329376	0.0	0.0	3.4546	"[1, 0, 1, 0, 1, 0, 1, 1, 1, 1, 1]"
418	2.198287306329376	0.0	0.0	3.4546	"[1, 0, 1, 0, 1, 0, 1, 1, 1, 1, 1]"
419	2.198287306329376	0.0	0.0	3.4546	"[1, 0, 1, 0, 1, 0, 1, 1, 1, 1, 1]"
420	2.198287306329376	0.0	0.0	3.4546	"[1, 0, 1, 0, 1, 0, 1, 1, 1, 1, 1]"
421	2.198287306329376	0.0	0.0	3.4546	"[1, 0, 1, 0, 1, 0, 1, 1, 1, 1, 1]"
422	2.198287306329376	0.0	0.0	3.4546	"[1, 0, 1, 0, 1, 0, 1, 1, 1, 1, 1]"
423	2.198287306329376	0.0	0.0	3.4546	"[1, 0, 1, 0, 1, 0, 1, 1, 1, 1, 1]"
424	2.198287306329376	0.0	0.0	3.4546	"[1, 0, 1, 0, 1, 0, 1, 1, 1, 1, 1]"
425	2.198287306329376	0.0	0.0	3.4546	"[1, 0, 1, 0, 1, 0, 1, 1, 1, 1, 1]"
426	2.198287306329376	0.0	0.0	3.4546	"[1, 0, 1, 0, 1, 0, 1, 1, 1, 1, 1]"
427	2.198287306329376	0.0	0.0	3.4546	"[1, 0, 1, 0, 1, 0, 1, 1, 1, 1, 1]"
428	2.198287306329376	0.0	0.0	3.4546	"[1, 0, 1, 0, 1, 0, 1, 1, 1, 1, 1]"
429	2.198287306329376	0.0	0.0	3.4546	"[1, 0, 1, 0, 1, 0, 1, 1, 1, 1, 1]"
430	2.198287306329376	0.0	0.0	3.4546	"[1, 0, 1, 0, 1, 0, 1, 1, 1, 1, 1]"
431	2.198287306329376	0.0	0.0	3.4546	"[1, 0, 1, 0, 1, 0, 1, 1, 1, 1, 1]"
432	2.198287306329376	0.0	0.0	3.4546	"[1, 0, 1, 0, 1, 0, 1, 1, 1, 1, 1]"
433	2.198287306329376	0.0	0.0	3.4546	"[1, 0, 1, 0, 1, 0, 1, 1, 1, 1, 1]"
434	2.198287306329376	0.0	0.0	3.4546	"[1, 0, 1, 0, 1, 0, 1, 1, 1, 1, 1]"
435	2.198287306329376	0.0	0.0	3.4546	"[1, 0, 1, 0, 1, 0, 1, 1, 1, 1, 1]"
436	2.198287306329376	0.0	0.0	3.4546	"[1, 0, 1, 0, 1, 0, 1, 1, 1, 1, 1]"
437	2.198287306329376	0.0	0.0	3.4546	"[1, 0, 1, 0, 1, 0, 1, 1, 1, 1, 1]"
438	2.198287306329376	0.0	0.0	3.4546	"[1, 0, 1, 0, 1, 0, 1, 1, 1, 1, 1]"
439	2.198287306329376	0.0	0.0	3.4546	"[1, 0, 1, 0, 1, 0, 1, 1, 1, 1, 1]"
440	2.198287306329376	0.0	0.0	3.4546	"[1, 0, 1, 0, 1, 0, 1, 1, 1, 1, 1]"
441	2.198287306329376	0.0	0.0	3.4546	"[1, 0, 1, 0, 1, 0, 1, 1, 1, 1, 1]"
442	2.198287306329376	0.0	0.0	3.4546	"[1, 0, 1, 0, 1, 0, 1, 1, 1, 1, 1]"
443	2.198287306329376	0.0	0.0	3.4546	"[1, 0, 1, 0, 1, 0, 1, 1, 1, 1, 1]"
444	2.198287306329376	0.0	0.0	3.4546	"[1, 0, 1, 0, 1, 0, 1, 1, 1, 1, 1]"
445	2.198287306329376	0.0	0.0	3.4546	"[1, 0, 1, 0, 1, 0, 1, 1, 1, 1, 1]"
446	2.198287306329376	0.0	0.0	3.4546	"[1, 0, 1, 0, 1, 0, 1, 1, 1, 1, 1]"
447	2.198287306329376	0.0	0.0	3.4546	"[1, 0, 1, 0, 1, 0, 1, 1, 1, 1, 1]"
448	2.198287306329376	0.0	0.0	3.4546	"[1, 0, 1, 0, 1, 0, 1, 1, 1, 1, 1]"
449	2.198287306329376	0.0	0.0	3.4546	"[1, 0, 1, 0, 1, 0, 1, 1, 1, 1, 1]"
450	2.198287306329376	0.0	0.0	3.4546	"[1, 0, 1, 0, 1, 0, 1, 1, 1, 1, 1]"
451	2.198287306329376	0.0	0.0	3.4546	"[1, 0, 1, 0, 1, 0, 1, 1, 1, 1, 1]"
452	2.198287306329376	0.0	0.0	3.4546	"[1, 0, 1, 0, 1, 0, 1, 1, 1, 1, 1]"
453	2.198287306329376	0.0	0.0	3.4546	"[1, 0, 1, 0, 1, 0, 1, 1, 1, 1, 1]"
454	2.198287306329376	0.0	0.0	3.4546	"[1, 0, 1, 0, 1, 0, 1, 1, 1, 1, 1]"
455	2.198287306329376	0.0	0.0	3.4546	"[1, 0, 1, 0, 1, 0, 1, 1, 1, 1, 1]"
456	2.198287306329376	0.0	0.0	3.4546	"[1, 0, 1, 0, 1, 0, 1, 1, 1, 1, 1]"
457	2.198287306329376	0.0	0.0	3.4546	"[0, 1, 0, 1, 0, 1, 0, 0, 0, 0, 0]"
458	2.198287306329376	0.0	0.0	3.4546	"[1, 0, 1, 0, 1, 0, 1, 1, 1, 1, 1]"
459	2.198287306329376	0.0	0.0	3.4546	"[1, 0, 1, 0, 1, 0, 1, 1, 1, 1, 1]"
460	2.198287306329376	0.0	0.0	3.4546	"[1, 0, 1, 0, 1, 0, 1, 1, 1, 1, 1]"
461	2.198287306329376	0.0	0.0	3.4546	"[1, 0, 1, 0, 1, 0, 1, 1, 1, 1, 1]"
462	2.198287306329376	0.0	0.0	3.4546	"[1, 0, 1, 0, 1, 0, 1, 1, 1, 1, 1]"
463	2.198287306329376	0.0	0.0	3.4546	"[1, 0, 1, 0, 1, 0, 1, 1, 1, 1, 1]"
464	2.198287306329376	0.0	0.0	3.4546	"[1, 0, 1, 0, 1, 0, 1, 1, 1, 1, 1]"
465	2.198287306329376	0.0	0.0	3.4546	"[1, 0, 1, 0, 1, 0, 1, 1, 1, 1, 1]"
466	2.198287306329376	0.0	0.0	3.4546	"[1, 0, 1, 0, 1, 0, 1, 1, 1, 1, 1]"
467	2.198287306329376	0.0	0.0	3.4546	"[1, 0, 1, 0, 1, 0, 1, 1, 1, 1, 1]"
468	2.198287306329376	0.0	0.0	3.4546	"[1, 0, 1, 0, 1, 0, 1, 1, 1, 1, 1]"
469	2.198287306329376	0.0	0.0	3.4546	"[1, 0, 1, 0, 1, 0, 1, 1, 1, 1, 1]"
470	2.198287306329376	0.0	0.0	3.4546	"[1, 0, 1, 0, 1, 0, 1, 1, 1, 1, 1]"
471	2.198287306329376	0.0	0.0	3.4546	"[1, 0, 1, 0, 1, 0, 1, 1, 1, 1, 1]"
472	2.198287306329376	0.0	0.0	3.4546	"[1, 0, 1, 0, 1, 0, 1, 1, 1, 1, 1]"
473	2.198287306329376	0.0	0.0	3.4546	"[1, 0, 1, 0, 1, 0, 1, 1, 1, 1, 1]"
474	2.198287306329376	0.0	0.0	3.4546	"[1, 0, 1, 0, 1, 0, 1, 1, 1, 1, 1]"
475	2.198287306329376	0.0	0.0	3.4546	"[1, 0, 1, 0, 1, 0, 1, 1, 1, 1, 1]"
476	2.198287306329376	0.0	0.0	3.4546	"[1, 0, 1, 0, 1, 0, 1, 1, 1, 1, 1]"
477	2.198287306329376	0.0	0.0	3.4546	"[1, 0, 1, 0, 1, 0, 1, 1, 1, 1, 1]"
478	2.198287306329376	0.0	0.0	3.4546	"[1, 0, 1, 0, 1, 0, 1, 1, 1, 1, 1]"
479	2.198287306329376	0.0	0.0	3.4546	"[1, 0, 1, 0, 1, 0, 1, 1, 1, 1, 1]"
480	2.198287306329376	0.0	0.0	3.4546	"[1, 0, 1, 0, 1, 0, 1, 1, 1, 1, 1]"
481	2.198287306329376	0.0	0.0	3.4546	"[1, 0, 1, 0, 1, 0, 1, 1, 1, 1, 1]"
482	2.198287306329376	0.0	0.0	3.4546	"[1, 0, 1, 0, 1, 0, 1, 1, 1, 1, 1]"
483	2.198287306329376	0.0	0.0	3.4546	"[1, 0, 1, 0, 1, 0, 1, 1, 1, 1, 1]"
484	2.198287306329376	0.0	0.0	3.4546	"[1, 0, 1, 0, 1, 0, 1, 1, 1, 1, 1]"
485	2.198287306329376	0.0	0.0	3.4546	"[1, 0, 1, 0, 1, 0, 1, 1, 1, 1, 1]"
486	2.198287306329376	0.0	0.0	3.4546	"[1, 0, 1, 0, 1, 0, 1, 1, 1, 1, 1]"
487	2.198287306329376	0.0	0.0	3.4546	"[1, 0, 1, 0, 1, 0, 1, 1, 1, 1, 1]"
488	2.198287306329376	0.0	0.0	3.4546	"[1, 0, 1, 0, 1, 0, 1, 1, 1, 1, 1]"
489	2.198287306329376	0.0	0.0	3.4546	"[1, 0, 1, 0, 1, 0, 1, 1, 1, 1, 1]"
490	2.198287306329376	0.0	0.0	3.4546	"[1, 0, 1, 0, 1, 0, 1, 1, 1, 1, 1]"
491	2.198287306329376	0.0	0.0	3.4546	"[1, 0, 1, 0, 1, 0, 1, 1, 1, 1, 1]"
492	2.198287306329376	0.0	0.0	3.4546	"[1, 0, 1, 0, 1, 0, 1, 1, 1, 1, 1]"
493	2.198287306329376	0.0	0.0	3.4546	"[1, 0, 1, 0, 1, 0, 1, 1, 1, 1, 1]"
494	2.198287306329376	0.0	0.0	3.4546	"[1, 0, 1, 0, 1, 0, 1, 1, 1, 1, 1]"
495	2.198287306329376	0.0	0.0	3.4546	"[1, 0, 1, 0, 1, 0, 1, 1, 1, 1, 1]"
496	2.198287306329376	0.0	0.0	3.4546	"[1, 0, 1, 0, 1, 0, 1, 1, 1, 1, 1]"
497	2.198287306329376	0.0	0.0	3.4546	"[1, 0, 1, 0, 1, 0, 1, 1, 1, 1, 1]"
498	2.198287306329376	0.0	0.0	3.4546	"[0, 1, 0, 1, 0, 1, 0, 0, 0, 0, 0]"
499	2.198287306329376	0.0	0.0	3.4546	"[1, 0, 1, 0, 1, 0, 1, 1, 1, 1, 1]"
500	2.198287306329376	0.0	0.0	3.4546	"[1, 0, 1, 0, 1, 0, 1, 1, 1, 1, 1]"
501	2.198287306329376	0.0	0.0	3.4546	"[1, 0, 1, 0, 1, 0, 1, 1, 1, 1, 1]"
502	2.198287306329376	0.0	0.0	3.4546	"[1, 0, 1, 0, 1, 0, 1, 1, 1, 1, 1]"
503	2.198287306329376	0.0	0.0	3.4546	"[1, 0, 1, 0, 1, 0, 1, 1, 1, 1, 1]"
504	2.198287306329376	0.0	0.0	3.4546	"[1, 0, 1, 0, 1, 0, 1, 1, 1, 1, 1]"
505	2.198287306329376	0.0	0.0	3.4546	"[1, 0, 1, 0, 1, 0, 1, 1, 1, 1, 1]"
506	2.198287306329376	0.0	0.0	3.4546	"[1, 0, 1, 0, 1, 0, 1, 1, 1, 1, 1]"
507	2.198287306329376	0.0	0.0	3.4546	"[1, 0, 1, 0, 1, 0, 1, 1, 1, 1, 1]"
508	2.198287306329376	0.0	0.0	3.4546	"[1, 0, 1, 0, 1, 0, 1, 1, 1, 1, 1]"
509	2.198287306329376	0.0	0.0	3.4546	"[1, 0, 1, 0, 1, 0, 1, 1, 1, 1, 1]"
510	2.198287306329376	0.0	0.0	3.4546	"[1, 0, 1, 0, 1, 0, 1, 1, 1, 1, 1]"
511	2.198287306329376	0.0	0.0	3.4546	"[1, 0, 1, 0, 1, 0, 1, 1, 1, 1, 1]"
512	2.198287306329376	0.0	0.0	3.4546	"[1, 0, 1, 0, 1, 0, 1, 1, 1, 1, 1]"
513	2.198287306329376	0.0	0.0	3.4546	"[1, 0, 1, 0, 1, 0, 1, 1, 1, 1, 1]"
514	2.198287306329376	0.0	0.0	3.4546	"[1, 0, 1, 0, 1, 0, 1, 1, 1, 1, 1]"
515	2.198287306329376	0.0	0.0	3.4546	"[1, 0, 1, 0, 1, 0, 1, 1, 1, 1, 1]"
516	2.198287306329376	0.0	0.0	3.4546	"[1, 0, 1, 0, 1, 0, 1, 1, 1, 1, 1]"
517	2.198287306329376	0.0	0.0	3.4546	"[1, 0, 1, 0, 1, 0, 1, 1, 1, 1, 1]"
518	2.198287306329376	0.0	0.0	3.4546	"[1, 0, 1, 0, 1, 0, 1, 1, 1, 1, 1]"
519	2.198287306329376	0.0	0.0	3.4546	"[1, 0, 1, 0, 1, 0, 1, 1, 1, 1, 1]"
520	2.198287306329376	0.0	0.0	3.4546	"[1, 0, 1, 0, 1, 0, 1, 1, 1, 1, 1]"
521	2.198287306329376	0.0	0.0	3.4546	"[1, 0, 1, 0, 1, 0, 1, 1, 1, 1, 1]"
522	2.198287306329376	0.0	0.0	3.4546	"[1, 0, 1, 0, 1, 0, 1, 1, 1, 1, 1]"
523	2.198287306329376	0.0	0.0	3.4546	"[1, 0, 1, 0, 1, 0, 1, 1, 1, 1, 1]"
524	2.198287306329376	0.0	0.0	3.4546	"[1, 0, 1, 0, 1, 0, 1, 1, 1, 1, 1]"
525	2.198287306329376	0.0	0.0	3.4546	"[1, 0, 1, 0, 1, 0, 1, 1, 1, 1, 1]"
526	2.198287306329376	0.0	0.0	3.4546	"[1, 0, 1, 0, 1, 0, 1, 1, 1, 1, 1]"
527	2.198287306329376	0.0	0.0	3.4546	"[1, 0, 1, 0, 1, 0, 1, 1, 1, 1, 1]"
528	2.198287306329376	0.0	0.0	3.4546	"[1, 0, 1, 0, 1, 0, 1, 1, 1, 1, 1]"
529	2.198287306329376	0.0	0.0	3.4546	"[1, 0, 1, 0, 1, 0, 1, 1, 1, 1, 1]"
530	2.198287306329376	0.0	0.0	3.4546	"[1, 0, 1, 0, 1, 0, 1, 1, 1, 1, 1]"
531	2.198287306329376	0.0	0.0	3.4546	"[1, 0, 1, 0, 1, 0, 1, 1, 1, 1, 1]"
532	2.198287306329376	0.0	0.0	3.4546	"[1, 0, 1, 0, 1, 0, 1, 1, 1, 1, 1]"
533	2.198287306329376	0.0	0.0	3.4546	"[1, 0, 1, 0, 1, 0, 1, 1, 1, 1, 1]"
534	2.198287306329376	0.0	0.0	3.4546	"[1, 0, 1, 0, 1, 0, 1, 1, 1, 1, 1]"
535	2.198287306329376	0.0	0.0	3.4546	"[1, 0, 1, 0, 1, 0, 1, 1, 1, 1, 1]"
536	2.198287306329376	0.0	0.0	3.4546	"[1, 0, 1, 0, 1, 0, 1, 1, 1, 1, 1]"
537	2.198287306329376	0.0	0.0	3.4546	"[1, 0, 1, 0, 1, 0, 1, 1, 1, 1, 1]"
538	2.198287306329376	0.0	0.0	3.4546	"[1, 0, 1, 0, 1, 0, 1, 1, 1, 1, 1]"
539	2.198287306329376	0.0	0.0	3.4546	"[1, 0, 1, 0, 1, 0, 1, 1, 1, 1, 1]"
540	2.198287306329376	0.0	0.0	3.4546	"[1, 0, 1, 0, 1, 0, 1, 1, 1, 1, 1]"
541	2.198287306329376	0.0	0.0	3.4546	"[0, 1, 0, 1, 0, 1, 0, 0, 0, 0, 0]"
542	2.198287306329376	0.0	0.0	3.4546	"[1, 0, 1, 0, 1, 0, 1, 1, 1, 1, 1]"
543	2.198287306329376	0.0	0.0	3.4546	"[1, 0, 1, 0, 1, 0, 1, 1, 1, 1, 1]"
544	2.198287306329376	0.0	0.0	3.4546	"[1, 0, 1, 0, 1, 0, 1, 1, 1, 1, 1]"
545	2.198287306329376	0.0	0.0	3.4546	"[1, 0, 1, 0, 1, 0, 1, 1, 1, 1, 1]"
546	2.198287306329376	0.0	0.0	3.4546	"[1, 0, 1, 0, 1, 0, 1, 1, 1, 1, 1]"
547	2.198287306329376	0.0	0.0	3.4546	"[1, 0, 1, 0, 1, 0, 1, 1, 1, 1, 1]"
548	2.198287306329376	0.0	0.0	3.4546	"[1, 0, 1, 0, 1, 0, 1, 1, 1, 1, 1]"
549	2.198287306329376	0.0	0.0	3.4546	"[1, 0, 1, 0, 1, 0, 1, 1, 1, 1, 1]"
550	2.198287306329376	0.0	0.0	3.4546	"[1, 0, 1, 0, 1, 0, 1, 1, 1, 1, 1]"
551	2.198287306329376	0.0	0.0	3.4546	"[1, 0, 1, 0, 1, 0, 1, 1, 1, 1, 1]"
552	2.198287306329376	0.0	0.0	3.4546	"[1, 0, 1, 0, 1, 0, 1, 1, 1, 1, 1]"
553	2.198287306329376	0.0	0.0	3.4546	"[1, 0, 1, 0, 1, 0, 1, 1, 1, 1, 1]"
554	2.198287306329376	0.0	0.0	3.4546	"[1, 0, 1, 0, 1, 0, 1, 1, 1, 1, 1]"
555	2.198287306329376	0.0	0.0	3.4546	"[1, 0, 1, 0, 1, 0, 1, 1, 1, 1, 1]"
556	2.198287306329376	0.0	0.0	3.4546	"[1, 0, 1, 0, 1, 0, 1, 1, 1, 1, 1]"
557	2.198287306329376	0.0	0.0	3.4546	"[1, 0, 1, 0, 1, 0, 1, 1, 1, 1, 1]"
558	2.198287306329376	0.0	0.0	3.4546	"[1, 0, 1, 0, 1, 0, 1, 1, 1, 1, 1]"
559	2.198287306329376	0.0	0.0	3.4546	"[1, 0, 1, 0, 1, 0, 1, 1, 1, 1, 1]"
560	2.198287306329376	0.0	0.0	3.4546	"[1, 0, 1, 0, 1, 0, 1, 1, 1, 1, 1]"
561	2.198287306329376	0.0	0.0	3.4546	"[1, 0, 1, 0, 1, 0, 1, 1, 1, 1, 1]"
562	2.198287306329376	0.0	0.0	3.4546	"[1, 0, 1, 0, 1, 0, 1, 1, 1, 1, 1]"
563	2.198287306329376	0.0	0.0	3.4546	"[1, 0, 1, 0, 1, 0, 1, 1, 1, 1, 1]"
564	2.198287306329376	0.0	0.0	3.4546	"[1, 0, 1, 0, 1, 0, 1, 1, 1, 1, 1]"
565	2.198287306329376	0.0	0.0	3.4546	"[1, 0, 1, 0, 1, 0, 1, 1, 1, 1, 1]"
566	2.198287306329376	0.0	0.0	3.4546	"[1, 0, 1, 0, 1, 0, 1, 1, 1, 1, 1]"
567	2.198287306329376	0.0	0.0	3.4546	"[1, 0, 1, 0, 1, 0, 1, 1, 1, 1, 1]"
568	2.198287306329376	0.0	0.0	3.4546	"[1, 0, 1, 0, 1, 0, 1, 1, 1, 1, 1]"
569	2.198287306329376	0.0	0.0	3.4546	"[1, 0, 1, 0, 1, 0, 1, 1, 1, 1, 1]"
570	2.198287306329376	0.0	0.0	3.4546	"[1, 0, 1, 0, 1, 0, 1, 1, 1, 1, 1]"
571	2.198287306329376	0.0	0.0	3.4546	"[1, 0, 1, 0, 1, 0, 1, 1, 1, 1, 1]"
572	2.198287306329376	0.0	0.0	3.4546	"[1, 0, 1, 0, 1, 0, 1, 1, 1, 1, 1]"
573	2.198287306329376	0.0	0.0	3.4546	"[1, 0, 1, 0, 1, 0, 1, 1, 1, 1, 1]"
574	2.198287306329376	0.0	0.0	3.4546	"[1, 0, 1, 0, 1, 0, 1, 1, 1, 1, 1]"
575	2.198287306329376	0.0	0.0	3.4546	"[1, 0, 1, 0, 1, 0, 1, 1, 1, 1, 1]"
576	2.198287306329376	0.0	0.0	3.4546	"[1, 0, 1, 0, 1, 0, 1, 1, 1, 1, 1]"
577	2.198287306329376	0.0	0.0	3.4546	"[1, 0, 1, 0, 1, 0, 1, 1, 1, 1, 1]"
578	2.198287306329376	0.0	0.0	3.4546	"[1, 0, 1, 0, 1, 0, 1, 1, 1, 1, 1]"
579	2.198287306329376	0.0	0.0	3.4546	"[1, 0, 1, 0, 1, 0, 1, 1, 1, 1, 1]"
580	2.198287306329376	0.0	0.0	3.4546	"[1, 0, 1, 0, 1, 0, 1, 1, 1, 1, 1]"
581	2.198287306329376	0.0	0.0	3.4546	"[1, 0, 1, 0, 1, 0, 1, 1, 1, 1, 1]"
582	2.198287306329376	0.0	0.0	3.4546	"[1, 0, 1, 0, 1, 0, 1, 1, 1, 1, 1]"
583	2.198287306329376	0.0	0.0	3.4546	"[0, 1, 0, 1, 0, 1, 0, 0, 0, 0, 0]"
584	2.198287306329376	0.0	0.0	3.4546	"[1, 0, 1, 0, 1, 0, 1, 1, 1, 1, 1]"
585	2.198287306329376	0.0	0.0	3.4546	"[1, 0, 1, 0, 1, 0, 1, 1, 1, 1, 1]"
586	2.198287306329376	0.0	0.0	3.4546	"[1, 0, 1, 0, 1, 0, 1, 1, 1, 1, 1]"
587	2.198287306329376	0.0	0.0	3.4546	"[1, 0, 1, 0, 1, 0, 1, 1, 1, 1, 1]"
588	2.198287306329376	0.0	0.0	3.4546	"[1, 0, 1, 0, 1, 0, 1, 1, 1, 1, 1]"
589	2.198287306329376	0.0	0.0	3.4546	"[1, 0, 1, 0, 1, 0, 1, 1, 1, 1, 1]"
590	2.198287306329376	0.0	0.0	3.4546	"[1, 0, 1, 0, 1, 0, 1, 1, 1, 1, 1]"
591	2.198287306329376	0.0	0.0	3.4546	"[1, 0, 1, 0, 1, 0, 1, 1, 1, 1, 1]"
592	2.198287306329376	0.0	0.0	3.4546	"[1, 0, 1, 0, 1, 0, 1, 1, 1, 1, 1]"
593	2.198287306329376	0.0	0.0	3.4546	"[1, 0, 1, 0, 1, 0, 1, 1, 1, 1, 1]"
594	2.198287306329376	0.0	0.0	3.4546	"[1, 0, 1, 0, 1, 0, 1, 1, 1, 1, 1]"
595	2.198287306329376	0.0	0.0	3.4546	"[1, 0, 1, 0, 1, 0, 1, 1, 1, 1, 1]"
596	2.198287306329376	0.0	0.0	3.4546	"[1, 0, 1, 0, 1, 0, 1, 1, 1, 1, 1]"
597	2.198287306329376	0.0	0.0	3.4546	"[1, 0, 1, 0, 1, 0, 1, 1, 1, 1, 1]"
598	2.198287306329376	0.0	0.0	3.4546	"[1, 0, 1, 0, 1, 0, 1, 1, 1, 1, 1]"
599	2.198287306329376	0.0	0.0	3.4546	"[1, 0, 1, 0, 1, 0, 1, 1, 1, 1, 1]"
600	2.198287306329376	0.0	0.0	3.4546	"[1, 0, 1, 0, 1, 0, 1, 1, 1, 1, 1]"
